Date,Actual,Predicted,High,Low,Prev_High,Prev_Low,Prev_Actual,Pred_High,Pred_Low
2025-03-18,10.872752167284489,10.423042777267916,10.973614577778594,10.624304534720968,10.833795199844314,10.579241774604329,10.71328297816217,10.379065,9.964801
2025-03-19,10.895333655178549,10.490500342837365,11.018522793372842,10.686590971194176,10.973614577778594,10.624304534720968,10.872752167284489,10.451092,10.035993
2025-03-20,10.81096487492323,10.560874186952688,11.064458711472604,10.687342101621285,11.018522793372842,10.686590971194176,10.895333655178549,10.500677,10.083118
2025-03-21,10.60581850260496,10.682005306615563,10.808870904924737,10.422636227113518,11.064458711472604,10.687342101621285,10.81096487492323,10.534737,10.11206
2025-03-24,10.63208443671465,10.643494112990773,10.800713147674829,10.499339335215067,10.808870904924737,10.422636227113518,10.60581850260496,10.382705,9.963407
2025-03-25,10.723940722644327,10.668643646070196,10.843856272143936,10.602421365911946,10.800713147674829,10.499339335215067,10.63208443671465,10.416017,9.995979
2025-03-26,10.629034377634524,10.629862186044766,10.89859211181768,10.488501535068954,10.843856272143936,10.602421365911946,10.723940722644327,10.452363,10.033296
2025-03-27,10.602553181350231,10.614723182744523,10.752823091287036,10.413834636375364,10.89859211181768,10.488501535068954,10.629034377634524,10.409133,9.9888935
2025-03-28,10.487113319337368,10.56529147862871,10.682429872351634,10.350342741915222,10.752823091287036,10.413834636375364,10.602553181350231,10.347923,9.931238
2025-03-31,10.113950511440637,10.544103381540602,10.375767049728193,9.900090019419736,10.682429872351634,10.350342741915222,10.487113319337368,10.296954,9.881932
2025-04-01,10.286234414204957,10.480459015135787,10.351986588234936,10.03783602741943,10.375767049728193,9.900090019419736,10.113950511440637,10.038391,9.633506
2025-04-02,10.228345919400454,10.879666774666148,10.416020557628515,10.105213378613795,10.351986588234936,10.03783602741943,10.286234414204957,10.215461,9.792638
2025-04-03,10.157208252698185,10.70069016951464,10.401845916305687,9.918645658702934,10.416020557628515,10.105213378613795,10.228345919400454,10.187485,9.771595
2025-04-04,7.537557885050774,10.532529181250418,8.223471556162586,7.266080600254142,10.401845916305687,9.918645658702934,10.157208252698185,10.068995,9.661836
2025-04-07,9.886167127639055,9.884640853507252,10.60325474816435,9.191276059553765,8.223471556162586,7.266080600254142,7.537557885050774,8.411942,8.071164
2025-04-08,9.820286307483912,10.340363549638925,10.500177290148333,9.247474578794002,10.60325474816435,9.191276059553765,9.886167127639055,9.796504,9.393856
2025-04-09,10.3666868545115,10.07290724926657,10.560783342669328,9.552240256108956,10.500177290148333,9.247474578794002,9.820286307483912,9.706005,9.313755
2025-04-10,10.31960742548108,9.922653151475238,10.567450237206376,10.061419566524414,10.560783342669328,9.552240256108956,10.3666868545115,9.823715,9.4349575
2025-04-11,10.24505322240293,10.165201449861618,10.518582175393654,9.929379285453322,10.567450237206376,10.061419566524414,10.31960742548108,10.051877,9.650829
2025-04-14,10.903575621545317,10.377505822231152,11.180632131473049,10.436060237974942,10.518582175393654,9.929379285453322,10.24505322240293,10.058457,9.655695
2025-04-15,10.75886844843626,10.623322308605337,11.49259296271191,10.50314895840512,11.180632131473049,10.436060237974942,10.903575621545317,10.465588,10.047107
2025-04-16,11.071294508874416,10.751534651393126,11.463581562791353,10.705020556847543,11.49259296271191,10.50314895840512,10.75886844843626,10.552821,10.1214695
2025-04-17,11.012149047106504,10.929418349194506,11.36906180271538,10.677537627864668,11.463581562791353,10.705020556847543,11.071294508874416,10.700598,10.271547
2025-04-18,16.828530311584473,11.098797072393292,17.02283843987,16.63917496916645,11.36906180271538,10.677537627864668,11.012149047106504,10.725603,10.292279
2025-04-21,14.21508846282959,12.730480854996252,14.941739646027523,13.892229703628942,17.02283843987,16.63917496916645,16.828530311584473,13.158168,12.62214
2025-04-22,10.38402652181685,12.344244360172793,10.601425780132889,10.16524923558437,14.941739646027523,13.892229703628942,14.21508846282959,12.963545,12.390155
2025-04-23,10.402820236980917,12.07010031343391,10.69767582451712,10.267211073031676,10.601425780132889,10.16524923558437,10.38402652181685,10.671003,10.178627
2025-04-24,10.86087880283594,12.794992383380444,11.053613476338878,10.365460250201131,10.69767582451712,10.267211073031676,10.402820236980917,10.948795,10.408007
2025-04-25,14.531334495544431,12.388279948128773,15.01419678844606,14.447766992763292,11.053613476338878,10.365460250201131,10.86087880283594,10.958979,10.452692
2025-04-28,10.820273319259286,12.309221099412152,10.9740982184748,10.611722359040268,15.01419678844606,14.447766992763292,14.531334495544431,12.892954,12.351106
2025-04-29,10.84169133938849,10.864382972276026,11.007950080763605,10.571444495881735,10.9740982184748,10.611722359040268,10.820273319259286,10.5561285,10.131743
2025-04-30,10.819210419431329,11.436046321988805,10.973145657783045,10.529869041844108,11.007950080763605,10.571444495881735,10.84169133938849,10.721205,10.269346
2025-05-01,8.770527809858322,11.640805884002882,9.00703519414176,8.624941044530617,10.973145657783045,10.529869041844108,10.819210419431329,10.762751,10.298942
2025-05-02,8.97749232252439,10.14390427958297,9.143109294411682,8.764784065465161,9.00703519414176,8.624941044530617,8.770527809858322,9.165187,8.799288
2025-05-05,8.96052454908689,9.754481268956484,9.163973412003417,8.784726973350569,9.143109294411682,8.764784065465161,8.97749232252439,9.137848,8.790291
2025-05-06,11.185704715549946,9.420675774682165,11.27319797140865,10.812781927147672,9.163973412003417,8.784726973350569,8.96052454908689,9.052574,8.71749
2025-05-07,11.014282412827017,9.611526966827336,11.302125228603307,10.85736283765424,11.27319797140865,10.812781927147672,11.185704715549946,10.330731,9.922046
2025-05-08,11.07407308369875,9.418285075226214,11.204258285977753,10.900137227912024,11.302125228603307,10.85736283765424,11.014282412827017,10.236961,9.820715
2025-05-09,10.697828836739063,9.886434243212465,11.216824992940566,10.46313882892504,11.204258285977753,10.900137227912024,11.07407308369875,10.406132,9.997675
2025-05-12,10.621510839089751,10.324423961446527,10.923538089717136,10.412249912396945,11.216824992940566,10.46313882892504,10.697828836739063,10.363691,9.945487
2025-05-13,10.453630855306985,10.547886907452437,10.702912134577192,10.305572948669852,10.923538089717136,10.412249912396945,10.621510839089751,10.367594,9.949151
2025-05-14,10.541202759370208,10.479967738545964,10.872091036607454,10.358833514700482,10.702912134577192,10.305572948669852,10.453630855306985,10.262202,9.848275
2025-05-15,10.651731779798864,10.436328023341144,10.88084927047887,10.432620278128002,10.872091036607454,10.358833514700482,10.541202759370208,10.300587,9.884348
2025-05-16,10.560656569898129,10.311985514498309,10.79290091690785,10.448700150418208,10.88084927047887,10.432620278128002,10.651731779798864,10.299036,9.886891
2025-05-19,10.426807869757925,10.255641910059222,10.611011093041247,10.27120372001222,10.79290091690785,10.448700150418208,10.560656569898129,10.2642355,9.852631
2025-05-20,10.311839943751693,10.207932772046265,10.49055500716859,10.189265326911276,10.611011093041247,10.27120372001222,10.426807869757925,10.150898,9.745572
2025-05-21,10.102783208712935,10.20413131941528,10.338900865653669,10.04037373909248,10.49055500716859,10.189265326911276,10.311839943751693,10.091062,9.689519
2025-05-22,10.09025395475328,10.104897754520673,10.330649880527492,9.862744396666676,10.338900865653669,10.04037373909248,10.102783208712935,9.964357,9.569646
2025-05-23,10.14075087569654,10.019602176285428,10.271410520100924,9.97327471512122,10.330649880527492,9.862744396666676,10.09025395475328,9.879853,9.489633
2025-05-26,9.43481320887804,9.91538913623666,9.517887167428862,9.287346684206623,10.271410520100924,9.97327471512122,10.14075087569654,9.880011,9.492514
2025-05-27,10.03493314050138,9.67503997076497,10.29062034925876,9.965021865950238,9.517887167428862,9.287346684206623,9.43481320887804,9.3947315,9.039478
2025-05-28,10.056223606690764,9.794807322063722,10.225905674453657,9.91013265541127,10.29062034925876,9.965021865950238,10.03493314050138,9.831915,9.445372
2025-05-29,10.079738652333615,9.663890388928284,10.21788734737606,9.981972739302556,10.225905674453657,9.91013265541127,10.056223606690764,9.768811,9.388255
2025-05-30,10.28882253728807,9.631925929433091,10.443233154170056,9.95626122267215,10.21788734737606,9.981972739302556,10.079738652333615,9.782909,9.402309
2025-06-02,7.726305690904458,9.704988271604975,8.25230085605205,7.634868187112029,10.443233154170056,9.95626122267215,10.28882253728807,9.856116,9.468462
2025-06-03,10.514200752601027,9.97427409451756,10.702090151352714,10.15969328567794,8.25230085605205,7.634868187112029,7.726305690904458,8.574228,8.227379
2025-06-04,11.07165713980794,10.462104930221445,11.147451982880956,10.484784996656678,10.702090151352714,10.15969328567794,10.514200752601027,10.218692,9.807812
2025-06-05,11.464270686730742,10.271556640361917,11.79239821874825,10.998702132733102,11.147451982880956,10.484784996656678,11.07165713980794,10.387285,9.980049
2025-06-06,11.485739355906844,10.358334504069088,11.789792749936176,11.231574404445578,11.79239821874825,10.998702132733102,11.464270686730742,10.706551,10.286241
2025-06-09,16.455637645721435,10.825700793078145,16.908233439183867,15.9162996927304,11.789792749936176,11.231574404445578,11.485739355906844,10.924248,10.491403
2025-06-10,11.888601176440716,12.720339815254388,12.240123939066155,11.65313149999022,16.908233439183867,15.9162996927304,16.455637645721435,13.1439,12.615865
2025-06-11,11.721991514787078,11.76555312370661,11.977529152179784,11.201042484211827,12.240123939066155,11.65313149999022,11.888601176440716,11.452282,10.992606
2025-06-12,12.219401260837913,12.53575039031224,12.41934142510609,11.473259561066214,11.977529152179784,11.201042484211827,11.721991514787078,11.493807,11.000481
2025-06-13,12.380422970280051,12.997959740524248,12.571090475308017,11.941914429363525,12.41934142510609,11.473259561066214,12.219401260837913,11.840915,11.331507
2025-06-16,13.070487849414349,12.68757361391497,13.265630282970228,12.431154176631702,12.571090475308017,11.941914429363525,12.380422970280051,11.930686,11.435796
2025-06-17,13.219406401738524,12.302786765712458,13.445221318863744,12.888563211561737,13.265630282970228,12.431154176631702,13.070487849414349,12.139511,11.652048
2025-06-18,13.331535240635276,12.536449454231786,13.790687105775234,13.109666116767656,13.445221318863744,12.888563211561737,13.219406401738524,12.397229,11.889176
2025-06-19,10.422767547269665,12.843113909298507,10.64660277976651,10.374008292186842,13.790687105775234,13.109666116767656,13.331535240635276,12.625722,12.09756
2025-06-20,13.15656672976911,12.202288951728752,13.489201616026762,12.993016069278148,10.64660277976651,10.374008292186842,10.422767547269665,10.788727,10.287025
2025-06-23,13.0268150921911,13.032206562199832,13.320497522265178,12.759980066187287,13.489201616026762,12.993016069278148,13.15656672976911,12.580427,12.064379
2025-06-24,12.96553630195558,12.54847704638052,13.29595302473786,12.745054473802805,13.320497522265178,12.759980066187287,13.0268150921911,12.318914,11.818552
2025-06-25,13.068895285949113,12.285269687924416,13.219132869613055,12.74874046296525,13.29595302473786,12.745054473802805,12.96553630195558,12.222701,11.726903
2025-06-26,13.199397509917617,12.51080006327123,13.422052830181505,12.975678180968934,13.219132869613055,12.74874046296525,13.068895285949113,12.293679,11.796811
2025-06-27,12.744675941765308,12.843824150064751,13.17050663683985,12.561790709804171,13.422052830181505,12.975678180968934,13.199397509917617,12.512737,11.999372
2025-06-30,12.978856956586242,12.74748678625029,13.253583468380024,12.57681152543933,13.17050663683985,12.561790709804171,12.744675941765308,12.26652,11.766679
2025-07-01,12.474231047289711,12.809930854760236,12.808978225714371,12.344026692415648,13.253583468380024,12.57681152543933,12.978856956586242,12.328989,11.82949
2025-07-02,12.783584212884309,12.507088029075357,12.947690807355972,12.56623647657405,12.808978225714371,12.344026692415648,12.474231047289711,12.043072,11.553342
2025-07-03,12.76524568349123,12.579015002523215,12.939423389947862,12.602477692010982,12.947690807355972,12.56623647657405,12.783584212884309,12.187372,11.694771
2025-07-04,10.606462391714254,12.478858729943733,10.7436313743467,10.505507981274253,12.939423389947862,12.602477692010982,12.76524568349123,12.162802,11.672918
2025-07-07,12.583115257322788,11.85373073037304,12.712855120969468,12.30692089889943,10.7436313743467,10.505507981274253,10.606462391714254,10.759419,10.279838
2025-07-08,12.703046672046185,12.320362331115907,12.956320921450184,12.437902242124004,12.712855120969468,12.30692089889943,12.583115257322788,11.970835,11.490056
2025-07-09,12.553681798279284,12.10812836169087,12.93637281082177,12.389382470926254,12.956320921450184,12.437902242124004,12.703046672046185,11.992122,11.513959
2025-07-10,15.050878040492536,11.96875765266308,15.490890503951876,14.355443742556584,12.93637281082177,12.389382470926254,12.553681798279284,11.913996,11.438521
2025-07-11,15.845147468149662,12.816682452803912,16.665905198014464,15.301887784637628,15.490890503951876,14.355443742556584,15.050878040492536,13.399797,12.794831
2025-07-14,16.361479379236698,13.507621478105673,16.837136302229894,15.823931434622391,16.665905198014464,15.301887784637628,15.845147468149662,14.029326,13.378745
2025-07-15,17.607193717733026,14.023557901924958,18.55681907800656,16.72916650057086,16.837136302229894,15.823931434622391,16.361479379236698,14.554743,13.854371
2025-07-16,17.86000607535243,15.153885128721182,18.41946967079835,17.445741517025276,18.55681907800656,16.72916650057086,17.607193717733026,15.615579,14.825291
2025-07-17,18.366613814607263,15.75818590285038,18.734177522804053,17.158877233136906,18.41946967079835,17.445741517025276,17.86000607535243,16.118742,15.287772
2025-07-18,19.27793345972896,16.298008419040166,19.597600071793394,18.07591433574845,18.734177522804053,17.158877233136906,18.366613814607263,16.311592,15.470927
2025-07-21,19.29513977281749,16.848394402157258,20.19191436747192,18.5305401329045,19.597600071793394,18.07591433574845,19.27793345972896,17.050047,16.147034
2025-07-22,19.410958778113127,17.31260780975194,19.802487399188458,18.708234538505828,20.19191436747192,18.5305401329045,19.29513977281749,17.483562,16.533178
2025-07-23,19.774887347593904,17.47268185576945,20.140623361899493,19.12940637896788,19.802487399188458,18.708234538505828,19.410958778113127,17.543964,16.598097
2025-07-24,20.38942410983145,17.801068915980235,20.71601662384252,19.36017037024714,20.140623361899493,19.12940637896788,19.774887347593904,17.89803,16.922863
2025-07-25,20.629033602774143,18.115230884196475,21.08819075808842,19.971683874405485,20.71601662384252,19.36017037024714,20.38942410983145,18.2435,17.239605
2025-07-28,21.390232227742672,18.30150671501965,21.53689967304646,20.32568072915952,21.08819075808842,19.971683874405485,20.629033602774143,18.581139,17.552383
2025-07-29,20.61299755424261,18.580091364683916,21.61464283892339,20.384126627902404,21.53689967304646,20.32568072915952,21.390232227742672,18.940619,17.886564
2025-07-30,20.37280746549368,18.90661730727368,20.98377072443372,19.87614801299352,21.61464283892339,20.384126627902404,20.61299755424261,19.00657,17.944666
2025-07-31,20.10122749768197,19.055488267563288,20.57035240443419,19.668707117104024,20.98377072443372,19.87614801299352,20.37280746549368,18.789654,17.750721
2025-08-01,20.07734683714807,19.01528260613866,20.55272401519692,19.2742209073424,20.57035240443419,19.668707117104024,20.10122749768197,18.620892,17.598492
2025-08-04,21.29903804191521,19.981500521964037,21.632110929151867,20.55765387318445,20.55272401519692,19.2742209073424,20.07734683714807,18.845339,17.82163
2025-08-05,21.2080861851573,19.854323903495946,21.368114829915363,20.569167155691183,21.632110929151867,20.55765387318445,21.29903804191521,19.497652,18.409332
2025-08-06,21.18395223468542,19.664340466143845,21.851593670225085,20.886166071526585,21.368114829915363,20.569167155691183,21.2080861851573,19.38217,18.304773
2025-08-07,22.06435050815344,19.866653640676976,22.496754979490984,20.942527913994063,21.851593670225085,20.886166071526585,21.18395223468542,19.620167,18.521555
2025-08-08,22.69031355530024,20.33611375036781,23.710048527205164,21.92313076803069,22.496754979490984,20.942527913994063,22.06435050815344,20.007711,18.876465
2025-08-11,22.454315254464746,20.82371846671827,23.958420676428265,22.151191641331764,23.710048527205164,21.92313076803069,22.69031355530024,20.734602,19.543676
2025-08-12,22.6135764811188,21.134070999651083,22.948316608464232,21.89066662078435,23.958420676428265,22.151191641331764,22.454315254464746,20.924015,19.72673
2025-08-13,22.65563994087279,21.261492565615967,23.258179397033228,22.030298060757136,22.948316608464232,21.89066662078435,22.6135764811188,20.767971,19.598177
2025-08-14,22.941063087433577,21.571465978360884,23.463014428622323,22.330367066562715,23.258179397033228,22.030298060757136,22.65563994087279,20.973236,19.79146
2025-08-15,23.08468713983893,21.698042629412004,23.54912269137108,22.4362135421747,23.463014428622323,22.330367066562715,22.941063087433577,21.174824,19.978828
2025-08-18,23.70361092314124,21.649379953020123,23.99059203650728,22.13853587015779,23.54912269137108,22.4362135421747,23.08468713983893,21.218914,20.017138
2025-08-19,23.142864730209112,21.74299333298076,24.36439164088554,22.614590689746684,23.99059203650728,22.13853587015779,23.70361092314124,21.301468,20.079374
2025-08-20,22.826505176723003,21.965948625041705,23.40964097661473,22.23154447027528,24.36439164088554,22.614590689746684,23.142864730209112,21.512024,20.283516
2025-08-21,22.858486272394657,21.92437379111672,23.56964296961081,22.158583966261126,23.40964097661473,22.23154447027528,22.826505176723003,21.206285,20.013895
2025-08-22,23.40148978680372,22.08458308782511,23.832240132674688,22.50586586006506,23.56964296961081,22.158583966261126,22.858486272394657,21.269567,20.072298
2025-08-25,24.88567192107439,22.1350376784153,25.14905948900381,23.6159729856123,23.832240132674688,22.50586586006506,23.40148978680372,21.497328,20.279581
2025-08-26,24.12709755450487,22.431147750902827,25.60408532547454,23.855560052198555,25.14905948900381,23.6159729856123,24.88567192107439,22.311737,21.019093
2025-08-27,24.86871618777513,22.530174175459653,25.303168116082148,23.79262459181627,25.60408532547454,23.855560052198555,24.12709755450487,22.3923,21.097322
2025-08-28,25.574298582971096,22.78432196678828,25.95026770480493,24.426346511536885,25.303168116082148,23.79262459181627,24.86871618777513,22.514761,21.214937
2025-08-29,25.53425095230341,23.30727141976852,26.3323461481848,24.774014186603488,25.95026770480493,24.426346511536885,25.574298582971096,23.077362,21.738768
2025-09-01,20.67464462518692,23.590696729930063,21.329798725380368,20.065391395224346,26.3323461481848,24.774014186603488,25.53425095230341,23.33619,21.983002
2025-09-02,24.26931796222925,21.85563367927013,25.152658657938968,23.949620286257108,21.329798725380368,20.065391395224346,20.67464462518692,19.941936,18.864197
2025-09-03,24.0201703235507,23.0257869052501,24.91960699633569,23.71044774017683,25.152658657938968,23.949620286257108,24.26931796222925,22.55617,21.268377
2025-09-04,23.038186125457287,22.37523593145334,24.32232251886196,22.57771199999518,24.91960699633569,23.71044774017683,24.0201703235507,22.181185,20.909178
2025-09-05,23.15066223591566,21.7785968731692,23.5643442363623,22.38231944300429,24.32232251886196,22.57771199999518,23.038186125457287,21.41326,20.188843
2025-09-08,22.98373680561781,21.70639251397561,23.389573131113032,22.62711245187792,23.5643442363623,22.38231944300429,23.15066223591566,21.233738,20.030724
2025-09-09,23.135188691318035,21.90379741036084,23.800780348275246,22.690451703000004,23.389573131113032,22.62711245187792,22.98373680561781,21.33522,20.136679
2025-09-10,22.88094243966043,21.695242131309275,23.62352333616473,22.530813550461467,23.800780348275246,22.690451703000004,23.135188691318035,21.354795,20.142359
2025-09-11,23.145719550549984,21.48163660024989,23.65904795788725,22.60613703865323,23.62352333616473,22.530813550461467,22.88094243966043,21.17162,19.970991
2025-09-12,23.585187232121825,21.436707260768923,23.82267987648982,22.919346345400022,23.65904795788725,22.60613703865323,23.145719550549984,21.2155,20.008694
2025-09-15,23.98050776682794,21.481557070259854,24.54562350982667,23.430071087661148,23.82267987648982,22.919346345400022,23.585187232121825,21.404129,20.181757
2025-09-16,23.62945354729891,21.67135169591001,24.35327240782152,23.285703743308066,24.54562350982667,23.430071087661148,23.98050776682794,21.779823,20.524519
2025-09-17,23.876635394990444,21.72737097545234,24.29900299996413,23.325072543212208,24.35327240782152,23.285703743308066,23.62945354729891,21.68623,20.443626
2025-09-18,24.25379785150289,21.90259745899422,24.681539928823,23.193309324357664,24.29900299996413,23.325072543212208,23.876635394990444,21.785114,20.538645
2025-09-19,24.58983007632196,22.04355945997925,25.383906078964944,23.89800480130164,24.681539928823,23.193309324357664,24.25379785150289,21.897387,20.634546
2025-09-22,24.999608881771564,22.25642590963696,25.241401813880422,23.915344993353283,25.383906078964944,23.89800480130164,24.58983007632196,22.326416,21.031025
2025-09-23,25.255537815392017,22.293958334892967,25.983915873766293,24.485612029223343,25.241401813880422,23.915344993353283,24.999608881771564,22.369047,21.071651
2025-09-24,24.98953490704298,22.657000858185377,26.13014066763612,24.626233065181104,25.983915873766293,24.485612029223343,25.255537815392017,22.807827,21.479053
2025-09-25,25.94961992651224,22.95922267638751,26.79814912017485,24.32192828989694,26.13014066763612,24.626233065181104,24.98953490704298,22.964066,21.629923
2025-09-26,24.7614154741168,23.354161158527617,26.50344386176228,24.590361383550555,26.79814912017485,24.32192828989694,25.94961992651224,23.217016,21.852005
2025-09-29,24.61427285708487,23.435638697650223,25.0722185656126,24.039812600614088,26.50344386176228,24.590361383550555,24.7614154741168,23.153023,21.810972
2025-09-30,24.583291674032807,23.285113499218674,25.08908662051028,23.999078066383447,25.0722185656126,24.039812600614088,24.61427285708487,22.709625,21.416147
2025-10-01,21.05310659607252,23.27293212689199,21.198241752806865,20.4766112269405,25.08908662051028,23.999078066383447,24.583291674032807,22.691385,21.39844
2025-10-02,22.05573768665393,22.981061805120927,22.229904683927696,21.04256578732356,21.198241752806865,20.4766112269405,21.05310659607252,20.477186,19.382374
2025-10-03,22.56457580626011,22.61748884848281,23.49621912657005,21.85940746462026,22.229904683927696,21.04256578732356,22.05573768665393,20.816248,19.676329
2025-10-06,23.396609105169773,22.31844142827078,23.861758452906447,22.62967324352294,23.49621912657005,21.85940746462026,22.56457580626011,21.218704,20.031155
2025-10-07,23.405789077281952,21.806390352642648,24.82972557982498,22.922262407301,23.861758452906447,22.62967324352294,23.396609105169773,21.417862,20.199387
2025-10-08,22.78150998055935,22.062851894996687,24.20821270316952,22.400052007866023,24.82972557982498,22.922262407301,23.405789077281952,21.73922,20.489677
2025-10-09,27.74476880580187,22.41620460760821,28.65398156281924,26.375384840473814,24.20821270316952,22.400052007866023,22.78150998055935,21.54576,20.328344
2025-10-10,27.85410819202661,24.011406743355103,29.86702138950849,27.08611630136004,28.65398156281924,26.375384840473814,27.74476880580187,24.427706,22.9905
2025-10-13,32.97527305994715,24.49692398589057,34.06357008643496,30.68938025375191,29.86702138950849,27.08611630136004,27.85410819202661,24.873085,23.431273
2025-10-14,32.48651245981455,26.313814996381492,33.9116438391697,30.34318974127192,34.06357008643496,30.68938025375191,32.97527305994715,26.174543,24.984913
2025-10-15,31.007869724184275,27.3986635035694,33.03528378074685,29.98764122890234,33.9116438391697,30.34318974127192,32.48651245981455,27.558601,26.02226
2025-10-16,29.13984554260969,28.557773873508573,31.37078612180339,28.94749318606644,33.03528378074685,29.98764122890234,31.007869724184275,28.328249,26.628996
2025-10-17,28.19671622291208,29.257643949103223,29.246500825650465,27.36117640607716,31.37078612180339,28.94749318606644,29.13984554260969,27.84607,26.224638
2025-10-20,28.77875482663512,28.86672425521427,29.23202821084885,27.4501766902962,29.246500825650465,27.36117640607716,28.19671622291208,26.800282,25.264404
2025-10-21,27.157764192670584,28.198244879519383,28.83542703214244,26.68167997793497,29.23202821084885,27.4501766902962,28.77875482663512,26.655043,25.116009
2025-10-22,26.508350674062967,27.36479275219557,27.18007241805232,25.232251374317265,28.83542703214244,26.68167997793497,27.157764192670584,25.859533,24.374979
2025-10-23,26.21664619073272,26.405578994314705,27.05580606262543,25.585446862907794,27.18007241805232,25.232251374317265,26.508350674062967,24.75412,23.342333
2025-10-24,26.606860283762217,26.01188036745633,27.304426792105843,26.048912719306266,27.05580606262543,25.585446862907794,26.21664619073272,24.659817,23.25868
2025-10-27,25.66906899213791,25.69314792492455,26.54118550842717,24.68338916442881,27.304426792105843,26.048912719306266,26.606860283762217,24.764757,23.345049
2025-10-28,25.06360375881195,25.15731310990801,26.086792968053203,24.71969272676368,26.54118550842717,24.68338916442881,25.66906899213791,23.931253,22.565783
2025-10-29,25.02029750496149,24.814321872976983,25.50413308425589,24.380819682091687,26.086792968053203,24.71969272676368,25.06360375881195,23.6778,22.336523
2025-10-30,25.42504927888513,24.61231328405728,26.278319813954617,24.439510350221497,25.50413308425589,24.380819682091687,25.02029750496149,23.41264,22.09242
2025-10-31,24.894188422709703,24.54078595803383,25.724511019340703,24.374646273529727,26.278319813954617,24.439510350221497,25.42504927888513,23.562553,22.212652
2025-11-03,23.130874384194613,24.17039845190456,24.788282301411016,22.801763765671133,25.724511019340703,24.374646273529727,24.894188422709703,23.263252,21.940062
2025-11-04,22.58916313946247,23.887112811761128,23.352222915731343,22.107312175214023,24.788282301411016,22.801763765671133,23.130874384194613,22.335995,21.088993
2025-11-05,22.28158724308014,23.51632754920422,22.620863397702344,21.736586539066856,23.352222915731343,22.107312175214023,22.58916313946247,21.701494,20.508825
2025-11-06,21.619427502155304,23.00673222450907,22.58328742302513,21.42719430810481,22.620863397702344,21.736586539066856,22.28158724308014,21.254654,20.09186
2025-11-07,22.67442040145397,22.45517520503352,23.101953644515905,21.131220389602007,22.58328742302513,21.42719430810481,21.619427502155304,20.886044,19.744062
2025-11-10,23.57990293577313,22.15622025524125,24.216948241578848,22.951939053309392,23.101953644515905,21.131220389602007,22.67442040145397,20.895496,19.724945
2025-11-11,22.987136248499155,22.14511955379848,23.68009319701119,22.785372151551343,24.216948241578848,22.951939053309392,23.57990293577313,21.712856,20.476702
2025-11-12,22.475170090794563,21.98481203027077,23.21320664683004,22.0694212797994,23.68009319701119,22.785372151551343,22.987136248499155,21.45461,20.245996
2025-11-13,22.27122027054429,22.1200307376898,23.116259211277377,21.80009264216188,23.21320664683004,22.0694212797994,22.475170090794563,21.158056,19.978207
2025-11-14,22.566581040620804,22.33466178691498,23.12633422877624,21.57518665943495,23.116259211277377,21.80009264216188,22.27122027054429,21.117441,19.946577
2025-11-17,22.378346610814333,22.279027391642977,22.983076574436254,21.949234251164683,23.12633422877624,21.57518665943495,22.566581040620804,21.06586,19.891708
2025-11-18,22.267569676041603,22.02992729188669,23.04179306925338,21.7778692815939,22.983076574436254,21.949234251164683,22.378346610814333,21.044006,19.87383
2025-11-19,23.21701418235898,21.969468390650043,23.83521881831095,22.49420350197237,23.04179306925338,21.7778692815939,22.267569676041603,20.96463,19.796799
2025-11-20,22.10231191292405,22.17382372105757,24.01770377642852,21.843881036638845,23.83521881831095,22.49420350197237,23.21701418235898,21.48582,20.27116
2025-11-21,21.179453894495964,22.213399924110146,21.90535213112293,20.72798011612533,24.01770377642852,21.843881036638845,22.10231191292405,21.193079,19.999893
2025-11-24,22.101316422224045,21.71780111051217,22.32340645702368,21.1787446217251,21.90535213112293,20.72798011612533,21.179453894495964,20.253489,19.147669
2025-11-25,22.07670507207513,21.87798181782522,22.42975696878869,21.51937468350096,22.32340645702368,21.1787446217251,22.101316422224045,20.625233,19.486635
2025-11-26,22.209896195679903,21.63733922936284,22.570455091431803,21.85134933630554,22.42975696878869,21.51937468350096,22.07670507207513,20.65384,19.510122
2025-11-27,17.025955761472385,21.38319200618216,17.46714701817936,16.96527447693732,22.570455091431803,21.85134933630554,22.209896195679903,20.697598,19.54524
2025-11-28,22.510111037641764,19.84631694612899,22.6833071764176,21.9540261738204,17.46714701817936,16.96527447693732,17.025955761472385,17.181543,16.293251
2025-12-01,22.48770235851407,21.234221704262144,22.912159168428463,22.044652640660537,22.6833071764176,21.9540261738204,22.510111037641764,20.72691,19.565733
2025-12-02,22.80680871382356,20.003085683660025,23.181058667140512,22.17329950320358,22.912159168428463,22.044652640660537,22.48770235851407,20.326664,19.171034
2025-12-03,22.51576294004917,19.84150651018217,23.18464753457517,22.074139139882284,23.181058667140512,22.17329950320358,22.80680871382356,20.293215,19.140968
2025-12-04,22.83951480686665,20.45582648175695,23.16993523627726,22.034205264702862,23.18464753457517,22.074139139882284,22.51576294004917,20.548933,19.376669
2025-12-05,22.936118081212044,21.159335245163533,23.485447898209905,22.60441215632401,23.16993523627726,22.034205264702862,22.83951480686665,20.833185,19.652237
2025-12-08,22.71067377924919,21.31983289095694,22.99877731400892,22.196936101497062,23.485447898209905,22.60441215632401,22.936118081212044,21.121746,19.923872
2025-12-09,22.38728348910809,21.204142377845464,22.929596623142373,22.114900080728862,22.99877731400892,22.196936101497062,22.71067377924919,20.858936,19.683134
2025-12-10,21.95681543648243,21.2028142852732,22.41929899436557,21.53215286755141,22.929596623142373,22.114900080728862,22.38728348910809,20.784075,19.616653
2025-12-11,22.18036730214953,21.05696558974444,22.50541878215983,21.499018000407418,22.41929899436557,21.53215286755141,21.95681543648243,20.428507,19.289288
2025-12-12,21.700282599776983,20.96974904517681,22.441038907915043,21.29606822890793,22.50541878215983,21.499018000407418,22.18036730214953,20.426073,19.28126
2025-12-15,20.96036937460304,20.805029398599903,21.89175019923593,20.845902178958475,22.441038907915043,21.29606822890793,21.700282599776983,20.236008,19.104036
2025-12-16,20.750636810436845,20.572428213845924,21.070189304721872,20.3346131371187,21.89175019923593,20.845902178958475,20.96036937460304,19.845346,18.747007
2025-12-17,20.56742360815406,20.23278644204701,21.29051810805588,20.27258279749944,21.070189304721872,20.3346131371187,20.750636810436845,19.423252,18.35796
2025-12-18,20.515546007081863,20.16015621609995,21.236276326557043,20.31651399755159,21.29051810805588,20.27258279749944,20.56742360815406,19.38655,18.319231
2025-12-19,21.19716167449951,19.93515206660152,21.433140311661845,20.533149631194625,21.236276326557043,20.31651399755159,20.515546007081863,19.30324,18.238752
2025-12-22,21.29845517873764,19.797263091686407,21.58407958702999,21.020816664610702,21.433140311661845,20.533149631194625,21.19716167449951,19.428768,18.347752
2025-12-23,21.30279870331288,19.748532333845212,21.69201395390295,21.026059687340886,21.58407958702999,21.020816664610702,21.29845517873764,19.59298,18.500616
2025-12-24,21.3733312189579,19.858774446578558,21.555753390979703,21.05727175191595,21.69201395390295,21.026059687340886,21.30279870331288,19.651558,18.554161
2025-12-25,33.7549991607666,19.934528104490965,33.864999771118164,33.10000038146973,21.555753390979703,21.05727175191595,21.3733312189579,19.678343,18.58249
2025-12-26,33.93250060081482,23.2968171010791,34.47249913215637,33.40125012397766,33.864999771118164,33.10000038146973,33.7549991607666,23.296915,22.306755
2025-12-29,21.06211221590638,23.738208779236093,21.70687346883485,20.86171460738016,34.47249913215637,33.40125012397766,33.93250060081482,23.71229,22.703157
2025-12-30,20.817143708467484,22.402741553025088,21.318244699493697,20.525379280403065,21.70687346883485,20.86171460738016,21.06211221590638,20.482672,19.377054
2025-12-31,20.83471990004182,24.734828160699177,21.13328850018169,20.58382703208317,21.318244699493697,20.525379280403065,20.817143708467484,21.1231,19.948383
2026-01-02,17.7994682987531,24.1973106717234,17.99473576991617,16.58199855615083,21.13328850018169,20.58382703208317,20.83471990004182,20.912922,19.77295
2026-01-05,22.806712675839663,21.25936426677323,23.00503611788768,21.990464130382392,17.99473576991617,16.58199855615083,17.7994682987531,17.718765,16.762377
2026-01-06,23.32799053564668,20.85111948369023,23.749435469666764,22.60438609821908,23.00503611788768,21.990464130382392,22.806712675839663,20.679367,19.505219
2026-01-07,24.42332848161459,20.68238119177022,24.8412486375765,23.37172151789567,23.749435469666764,22.60438609821908,23.32799053564668,20.963161,19.758553
2026-01-08,23.76232533529401,20.973669887751598,24.8750823628562,23.55592958618982,24.8412486375765,23.37172151789567,24.42332848161459,21.414898,20.193787
2026-01-09,24.027179468423128,21.974943593708076,24.62633626055136,23.35246841973857,24.8750823628562,23.55592958618982,23.76232533529401,21.949427,20.686274
2026-01-12,25.166516043245792,22.902935612614097,25.644847745208686,24.03700543851193,24.62633626055136,23.35246841973857,24.027179468423128,22.225494,20.96314
2026-01-13,24.750848162919283,23.516416909660503,25.85055827197889,24.50378246789804,25.644847745208686,24.03700543851193,25.166516043245792,22.94263,21.622787
2026-01-14,25.63106022030115,23.681238628558592,26.3083612250363,24.2033116532616,25.85055827197889,24.50378246789804,24.750848162919283,23.122986,21.7992
2026-01-15,25.41229048743844,23.977058044770555,26.188916082637245,25.03360074730948,26.3083612250363,24.2033116532616,25.63106022030115,23.313274,21.963427
2026-01-16,25.9788494296372,24.118789758940974,26.413720170740625,25.22043793317475,26.188916082637245,25.03360074730948,25.41229048743844,23.5735,22.221691
2026-01-19,19.59803967177868,24.37222693677292,20.02426685140496,19.29396849873071,26.413720170740625,25.22043793317475,25.9788494296372,23.824604,22.453814
2026-01-20,25.760730016976595,22.75847291189049,26.77545378260568,25.015339461658865,20.02426685140496,19.29396849873071,19.59803967177868,19.664316,18.611095
2026-01-21,25.44543715193868,24.51390158902889,26.50740529317926,24.47890779012878,26.77545378260568,25.015339461658865,25.760730016976595,23.83892,22.463413
2026-01-22,26.320154923945665,23.80889397772702,26.945518528061683,25.48315246613388,26.50740529317926,24.47890779012878,25.44543715193868,23.340656,21.986322
2026-01-23,26.80186278000474,23.42382947883358,27.22602992943388,25.932083486917687,26.945518528061683,25.48315246613388,26.320154923945665,23.64655,22.262182
2026-01-26,36.80948181152344,24.224640638334204,39.68497828931961,36.05075406553841,27.22602992943388,25.932083486917687,26.80186278000474,24.190052,22.77852
2026-01-27,26.24076289311052,28.425624522350027,26.996101657999056,25.289032835284097,39.68497828931961,36.05075406553841,36.80948181152344,28.219967,26.997328
2026-01-28,27.19272644817829,25.588593207787323,27.47976943660481,25.787347782390263,26.996101657999056,25.289032835284097,26.24076289311052,24.407879,23.011858
2026-01-29,26.780152440071102,27.19584049867925,27.74713549115338,25.02400145790287,27.47976943660481,25.787347782390263,27.19272644817829,25.32914,23.883467
2026-01-30,24.92183303646744,28.112288852187746,26.786848080616963,24.46314974999393,27.74713549115338,25.02400145790287,26.780152440071102,25.414696,23.955238
2026-02-02,23.8982892613858,26.771837752555733,25.27302062418905,23.679239238283724,26.786848080616963,24.46314974999393,24.92183303646744,24.39596,23.0221
2026-02-03,25.836487559601665,24.9479933632694,25.994453843013417,24.29943204501543,25.27302062418905,23.679239238283724,23.8982892613858,23.149841,21.86252
2026-02-04,25.02155706100166,25.008639101986454,26.391771611922387,24.20003555608463,25.994453843013417,24.29943204501543,25.836487559601665,23.70274,22.353783
2026-02-05,23.46591758541763,24.681922761453578,24.726159837084143,23.251665493578404,26.391771611922387,24.20003555608463,25.02155706100166,23.50946,22.166185
2026-02-06,24.53180977329612,23.97823469918705,24.80413554044285,23.295949323609875,24.726159837084143,23.251665493578404,23.46591758541763,22.537756,21.281324
2026-02-09,25.858561124652624,23.98786524741853,26.1357974657238,24.5886149374684,24.80413554044285,23.295949323609875,24.53180977329612,22.694702,21.41577
2026-02-10,26.052425455302,24.19043155503812,26.545343555977148,25.391178779174304,26.1357974657238,24.5886149374684,25.858561124652624,23.51195,22.158169
2026-02-11,26.31391007825732,24.058273834150903,27.39650316989356,25.288580031471888,26.545343555977148,25.391178779174304,26.052425455302,23.78888,22.412622
2026-02-12,26.111739587038755,24.40418657667633,26.961208839721124,25.41127182671008,27.39650316989356,25.288580031471888,26.31391007825732,24.037516,22.632774
2026-02-13,25.62545029632747,24.67502103625214,26.39650254158762,25.01456792711894,26.961208839721124,25.41127182671008,26.111739587038755,24.087618,22.696167
2026-02-16,7.1799482852220535,24.82803995396379,7.299932727492597,7.033467852226035,26.39650254158762,25.01456792711894,25.62545029632747,23.884039,22.520493
2026-02-17,19.79884375880162,19.73953036140968,20.086187555845115,19.04067625806492,7.299932727492597,7.033467852226035,7.1799482852220535,12.871136,11.86129
2026-02-18,20.30408974240224,22.61907595698281,20.511523695344263,19.730740111324504,20.086187555845115,19.04067625806492,19.79884375880162,19.553928,18.516363
2026-02-19,20.55894449849924,20.255531870483257,20.763037676023824,19.73123704199564,20.511523695344263,19.730740111324504,20.30408974240224,19.10587,18.071053
2026-02-20,20.151366310815018,17.725367833852584,21.102799176197617,19.735715772087804,20.763037676023824,19.73123704199564,20.55894449849924,18.193634,17.19854
2026-02-23,20.18056942522525,18.60166994265784,20.373568777891183,19.5067457795743,21.102799176197617,19.735715772087804,20.151366310815018,18.567507,17.538134
2026-02-24,26.62173405103385,20.08192159091752,27.10041774984316,25.244866013405648,20.373568777891183,19.5067457795743,20.18056942522525,18.932571,17.910177
2026-02-25,28.09661659412086,22.0193560840908,28.50772733736435,26.728893451064973,27.10041774984316,25.244866013405648,26.62173405103385,22.229454,21.083887
2026-02-26,28.02832600288093,22.571151468434977,28.69576323239855,27.446508359028723,28.50772733736435,26.728893451064973,28.09661659412086,22.613771,21.578766
2026-02-27,28.71652987599373,23.538304924179783,29.24819699622001,27.379015060353588,28.69576323239855,27.446508359028723,28.02832600288093,23.760216,22.524647
2026-03-02,29.435348574072123,25.34344786682688,30.027433736228293,27.64618176579632,29.24819699622001,27.379015060353588,28.71652987599373,25.527138,24.014788
2026-03-03,27.47192269936204,24.00119449742941,29.17214964749316,26.83274611090791,30.027433736228293,27.64618176579632,29.435348574072123,24.085484,22.887363
2026-03-04,27.54387889802456,24.805255045853546,28.251891461313264,26.54370233529389,29.17214964749316,26.83274611090791,27.47192269936204,25.012377,23.528704
2026-03-05,26.65221790969372,25.027291551787474,27.94884745505056,26.221355874365003,28.251891461313264,26.54370233529389,27.54387889802456,24.904896,23.44301
2026-03-06,26.14009542763233,25.00481939181121,27.057097155961127,25.559002655400743,27.94884745505056,26.221355874365003,26.65221790969372,24.6609,23.22302
2026-03-09,26.187726870179176,24.616055900273317,26.451418630429977,24.839657932579367,27.057097155961127,25.559002655400743,26.14009542763233,24.127886,22.731993
2026-03-10,26.644035577774048,24.10542354878092,27.25199781469995,26.14695476662582,26.451418630429977,24.839657932579367,26.187726870179176,23.642078,22.271564
2026-03-11,26.81152499094605,23.642455703953978,27.426809247764293,26.25625160697776,27.25199781469995,26.14695476662582,26.644035577774048,24.004711,22.600073
2026-03-12,26.542402002960443,23.53403202390693,27.214353955509765,25.954087580559367,27.426809247764293,26.25625160697776,26.81152499094605,23.942638,22.55263
2026-03-13,25.61102547124028,23.62734281593682,26.83174637809116,25.37614115063458,27.214353955509765,25.954087580559367,26.542402002960443,23.926254,22.525682
2026-03-16,25.76025879755616,23.667408054074208,26.29819020706344,25.038814101839847,26.83174637809116,25.37614115063458,25.61102547124028,23.627338,22.252453
2026-03-17,25.361366346478466,23.54041472459085,26.212533602832085,25.106008640385376,26.29819020706344,25.038814101839847,25.76025879755616,23.420969,22.062286
2026-03-18,25.05374962463975,23.37233738962275,25.603278513850803,24.660036639818973,26.212533602832085,25.106008640385376,25.361366346478466,23.3186,21.96918
2026-03-19,23.43187446892261,23.027106757526507,24.491250231862068,22.936250269412994,25.603278513850803,24.660036639818973,25.05374962463975,22.932383,21.611158
